INSERT INTO VehicleType (vtname,wrate,drate,hrate,krate) VALUES ('Economy',200.00,50.00,10.00,0.50);
INSERT INTO VehicleType (vtname,wrate,drate,hrate,krate) VALUES ('Compact',175.00,45.00,9.00,0.45);
INSERT INTO VehicleType (vtname,wrate,drate,hrate,krate) VALUES ('Mid-Size',215.00,48.00,10.00,0.50);
INSERT INTO VehicleType (vtname,wrate,drate,hrate,krate) VALUES ('Standard',205.00,52.00,12.50,0.51);
INSERT INTO VehicleType (vtname,wrate,drate,hrate,krate) VALUES ('Full-size',250.00,60.00,15.00,0.55);
INSERT INTO VehicleType (vtname,wrate,drate,hrate,krate) VALUES ('SUV',300.00,75.00,20.00,0.60);
INSERT INTO VehicleType (vtname,wrate,drate,hrate,krate) VALUES ('Truck',275.00,70.00,15.00,0.57);


INSERT INTO Status (status_name) VALUES ('RENTED');
INSERT INTO Status (status_name) VALUES ('MAINTENANCE');
INSERT INTO Status (status_name) VALUES ('AVAILABLE');

INSERT INTO Customer (license_no,first_name,last_name,phone_num,card_num) VALUES ('108504','Elmo','Head','(960)776-5089','4913321129919575');
INSERT INTO Customer (license_no,first_name,last_name,phone_num,card_num) VALUES ('191250','Howard','Mendoza','(240)348-5221','4913214586799582');
INSERT INTO Customer (license_no,first_name,last_name,phone_num,card_num) VALUES ('174841','Mannix','Burke','(257)591-9815','4917856426640545');
INSERT INTO Customer (license_no,first_name,last_name,phone_num,card_num) VALUES ('167591','Tanisha','Booth','(925)203-9251','4844216361568052');
INSERT INTO Customer (license_no,first_name,last_name,phone_num,card_num) VALUES ('191190','Connor','Briggs','(820)426-3424','4844395613930821');
INSERT INTO Customer (license_no,first_name,last_name,phone_num,card_num) VALUES ('109538','Indira','Bass','(255)141-3509','4917642383536128');
INSERT INTO Customer (license_no,first_name,last_name,phone_num,card_num) VALUES ('153227','Kelsey','Stevenson','(207)515-3626','4917788939809574');
INSERT INTO Customer (license_no,first_name,last_name,phone_num,card_num) VALUES ('154656','Jason','Mcintyre','(662)975-8582','4913996383969323');
INSERT INTO Customer (license_no,first_name,last_name,phone_num,card_num) VALUES ('145528','Scarlett','Griffin','(748)481-0652','4508596742057108');
INSERT INTO Customer (license_no,first_name,last_name,phone_num,card_num) VALUES ('185774','Talon','Briggs','(556)294-7187','4844866633905597');
INSERT INTO Customer (license_no,first_name,last_name,phone_num,card_num) VALUES ('198748','Gwendolyn','Kidd','(291)120-2468','4917996551446142');
INSERT INTO Customer (license_no,first_name,last_name,phone_num,card_num) VALUES ('109928','Nelle','Watson','(179)569-7699','4917021166567495');
INSERT INTO Customer (license_no,first_name,last_name,phone_num,card_num) VALUES ('141250','Leonard','Newton','(661)378-7550','4175005357860105');
INSERT INTO Customer (license_no,first_name,last_name,phone_num,card_num) VALUES ('186972','Clark','Ochoa','(313)347-2117','4844153388790650');
INSERT INTO Customer (license_no,first_name,last_name,phone_num,card_num) VALUES ('181360','Ifeoma','Spence','(425)914-0621','4844851901520468');
INSERT INTO Customer (license_no,first_name,last_name,phone_num,card_num) VALUES ('109228','Byron','Hull','(194)200-3418','4508507325497488');
INSERT INTO Customer (license_no,first_name,last_name,phone_num,card_num) VALUES ('169664','Colt','Hodges','(456)510-0933','4913469649813115');
INSERT INTO Customer (license_no,first_name,last_name,phone_num,card_num) VALUES ('186500','Vincent','Boyer','(488)376-9308','4844748831875147');
INSERT INTO Customer (license_no,first_name,last_name,phone_num,card_num) VALUES ('156471','Claudia','Holland','(297)207-4721','4026026506822847');
INSERT INTO Customer (license_no,first_name,last_name,phone_num,card_num) VALUES ('110879','Murphy','Fitzgerald','(802)951-5133','4917622149545712');
INSERT INTO Customer (license_no,first_name,last_name,phone_num,card_num) VALUES ('102291','Acton','Chan','(882)637-9700','4844538246051099');
INSERT INTO Customer (license_no,first_name,last_name,phone_num,card_num) VALUES ('127374','Leroy','Bright','(954)445-4260','4026584239714483');
INSERT INTO Customer (license_no,first_name,last_name,phone_num,card_num) VALUES ('196106','Declan','Norton','(765)550-3301','4508972913902895');
INSERT INTO Customer (license_no,first_name,last_name,phone_num,card_num) VALUES ('182226','Tanek','Hewitt','(899)533-0486','4913511684858255');
INSERT INTO Customer (license_no,first_name,last_name,phone_num,card_num) VALUES ('153640','Hadley','Noel','(543)732-8799','4917954853380303');
INSERT INTO Customer (license_no,first_name,last_name,phone_num,card_num) VALUES ('168979','Alan','Diaz','(984)368-7511','4508581149671446');
INSERT INTO Customer (license_no,first_name,last_name,phone_num,card_num) VALUES ('183787','Hayes','Mcclure','(277)730-3051','4508734453878079');
INSERT INTO Customer (license_no,first_name,last_name,phone_num,card_num) VALUES ('192409','Kibo','Hernandez','(649)870-8627','4917408948900484');
INSERT INTO Customer (license_no,first_name,last_name,phone_num,card_num) VALUES ('175132','Mallory','Colon','(312)871-1583','4913047066350355');
INSERT INTO Customer (license_no,first_name,last_name,phone_num,card_num) VALUES ('109750','Ginger','Skinner','(211)816-8993','4844410820669540');
INSERT INTO Customer (license_no,first_name,last_name,phone_num,card_num) VALUES ('133005','Harrison','Carpenter','(423)742-5930','4026434670609992');
INSERT INTO Customer (license_no,first_name,last_name,phone_num,card_num) VALUES ('142224','Conan','Doyle','(759)863-5359','4026075593971736');
INSERT INTO Customer (license_no,first_name,last_name,phone_num,card_num) VALUES ('190331','Nathaniel','Bell','(913)977-8421','4508003673515618');
INSERT INTO Customer (license_no,first_name,last_name,phone_num,card_num) VALUES ('161377','Jada','Holt','(947)401-1188','4175008945018400');
INSERT INTO Customer (license_no,first_name,last_name,phone_num,card_num) VALUES ('160745','Tallulah','Trevino','(451)969-8232','4844669134452741');
INSERT INTO Customer (license_no,first_name,last_name,phone_num,card_num) VALUES ('122792','Ruth','Hubbard','(996)911-2949','4175003145698168');
INSERT INTO Customer (license_no,first_name,last_name,phone_num,card_num) VALUES ('113117','Robert','Keller','(720)449-5047','4917019202488197');
INSERT INTO Customer (license_no,first_name,last_name,phone_num,card_num) VALUES ('179584','Desirae','Stanton','(484)691-2107','4026762135902002');
INSERT INTO Customer (license_no,first_name,last_name,phone_num,card_num) VALUES ('188078','Hector','Parker','(697)317-5230','4508723646000055');
INSERT INTO Customer (license_no,first_name,last_name,phone_num,card_num) VALUES ('162109','Nigel','Boyd','(754)122-6442','4508846514165351');
INSERT INTO Customer (license_no,first_name,last_name,phone_num,card_num) VALUES ('129242','Arden','Larson','(791)831-9921','4844997978571007');
INSERT INTO Customer (license_no,first_name,last_name,phone_num,card_num) VALUES ('123199','Grant','Hanson','(357)116-2123','4026820202585074');
INSERT INTO Customer (license_no,first_name,last_name,phone_num,card_num) VALUES ('142570','Ferris','Glover','(155)369-0150','4844032999775724');
INSERT INTO Customer (license_no,first_name,last_name,phone_num,card_num) VALUES ('120800','Jillian','Dickson','(384)685-0739','4913124010706196');
INSERT INTO Customer (license_no,first_name,last_name,phone_num,card_num) VALUES ('160255','Yetta','Patrick','(147)140-5227','4844540547837291');
INSERT INTO Customer (license_no,first_name,last_name,phone_num,card_num) VALUES ('107766','Ira','Cantrell','(191)119-6775','4913242082268489');
INSERT INTO Customer (license_no,first_name,last_name,phone_num,card_num) VALUES ('193908','Suki','Dean','(830)628-2961','4844834508077777');


INSERT INTO Branch(branch_num, city) VALUES (1,'Vancouver');
INSERT INTO Branch(branch_num, city) VALUES (2,'Richmond');
INSERT INTO Branch(branch_num, city) VALUES (3,'Surrey');

INSERT INTO Vehicles (vlicense,make,model,color,year,odometer,vtname,status,branch_num) VALUES ('ABX1234','CIVIC','HONDA', 'red', 2014, 10000, 'Economy','AVAILABLE',1);
INSERT INTO Vehicles (vlicense,make,model,color,year,odometer,vtname,status,branch_num) VALUES ('SDF4567','FIESTA','FORD', 'blue', 2013,15000, 'Mid-Size','AVAILABLE',1);
INSERT INTO Vehicles (vlicense,make,model,color,year,odometer,vtname,status,branch_num) VALUES ('WER3245','ACCENT','HYUNDAI','green',2015,12356, 'Economy','AVAILABLE', 1);
INSERT INTO Vehicles (vlicense,make,model,color,year,odometer,vtname,status,branch_num) VALUES ('GLZ2376','COROLLA','TOYOTA', 'yellow',2016,5000,'Economy', 'AVAILABLE',1);
INSERT INTO Vehicles (vlicense,make,model,color,year,odometer,vtname,status,branch_num) VALUES ('HJK1234','CIVIC','HONDA', 'white',2015,20145,'Economy','AVAILABLE',1);
INSERT INTO Vehicles (vlicense,make,model,color,year,odometer,vtname,status,branch_num) VALUES ('GLS7625','FOCUS','FORD', 'black',2014,12000,'Compact','AVAILABLE',2);
INSERT INTO Vehicles (vlicense,make,model,color,year,odometer,vtname,status,branch_num) VALUES ('FKD8202','GOLF','VOLKSWAGAN', 'red',2016,9000,'Compact','AVAILABLE',2);
INSERT INTO Vehicles (vlicense,make,model,color,year,odometer,vtname,status,branch_num) VALUES ('HNX1890','PRIUS','TOYOTA', 'blue',2015,15690,'Compact','AVAILABLE',1);
INSERT INTO Vehicles (vlicense,make,model,color,year,odometer,vtname,status,branch_num) VALUES ('KJS1983','PRIUS','TOYOTA', 'green',2014,20900,'Compact','AVAILABLE',2);
INSERT INTO Vehicles (vlicense,make,model,color,year,odometer,vtname,status,branch_num) VALUES ('SDL9356','FOCUS','FORD', 'white',2016,10009,'Compact', 'AVAILABLE',3);
INSERT INTO Vehicles (vlicense,make,model,color,year,odometer,vtname,status,branch_num) VALUES ('OTY7293','CRUZE','CHEVROLET', 'black',2016,17800,'Mid-Size','AVAILABLE',3);
INSERT INTO Vehicles (vlicense,make,model,color,year,odometer,vtname,status,branch_num) VALUES ('QWE4562','LEGACY','SUBARU', 'red',2012,13420,'Mid-Size','AVAILABLE',1);
INSERT INTO Vehicles (vlicense,make,model,color,year,odometer,vtname,status,branch_num) VALUES ('CXZ2356','AVENGER','DODGE', 'blue',2015,5000,'Mid-Size','AVAILABLE',1);
INSERT INTO Vehicles (vlicense,make,model,color,year,odometer,vtname,status,branch_num) VALUES ('ASD9090','ACCORD','HONDA', 'green',2016,200,'Mid-Size','AVAILABLE',1);
INSERT INTO Vehicles (vlicense,make,model,color,year,odometer,vtname,status,branch_num) VALUES ('UYT3981','LEGACY','SUBARU', 'red',2013,16750,'Mid-Size','AVAILABLE',1);
INSERT INTO Vehicles (vlicense,make,model,color,year,odometer,vtname,status,branch_num) VALUES ('TRE9726','200','CHRYSTLER', 'white',2012,14320,'Standard','AVAILABLE',1);
INSERT INTO Vehicles (vlicense,make,model,color,year,odometer,vtname,status,branch_num) VALUES ('HGF5628','TAURUS','FORD', 'white',2013,15540,'Standard','AVAILABLE',2);
INSERT INTO Vehicles (vlicense,make,model,color,year,odometer,vtname,status,branch_num) VALUES ('LKJ7253','200','CHRYSTLER', 'blue',2014,16300,'Standard','AVAILABLE',1);
INSERT INTO Vehicles (vlicense,make,model,color,year,odometer,vtname,status,branch_num) VALUES ('VBN6283','TAURUS','FORD', 'black',2015,17500,'Standard','AVAILABLE',2);
INSERT INTO Vehicles (vlicense,make,model,color,year,odometer,vtname,status,branch_num) VALUES ('POI7281','200','CHRYSTLER','black',2016,18830,'Standard','AVAILABLE',2);
INSERT INTO Vehicles (vlicense,make,model,color,year,odometer,vtname,status,branch_num) VALUES ('MNB8654','FALCON','FORD','white',2012,10900,'Full-size','AVAILABLE',3);
INSERT INTO Vehicles (vlicense,make,model,color,year,odometer,vtname,status,branch_num) VALUES ('UHV9786','IMPALA','CHEVROLET', 'blue',2013,11500,'Full-size','AVAILABLE',2);
INSERT INTO Vehicles (vlicense,make,model,color,year,odometer,vtname,status,branch_num) VALUES ('EFB5427','WAYFARER','FORD', 'yellow',2014,14350,'Full-size','AVAILABLE',3);
INSERT INTO Vehicles (vlicense,make,model,color,year,odometer,vtname,status,branch_num) VALUES ('PLM9873','IMPALA','CHEVROLET','gray',2015,18900,'Full-size','AVAILABLE',1);
INSERT INTO Vehicles (vlicense,make,model,color,year,odometer,vtname,status,branch_num) VALUES ('WDV2458','FALCON','FORD','white',2016,5600,'Full-size','AVAILABLE',2);
INSERT INTO Vehicles (vlicense,make,model,color,year,odometer,vtname,status,branch_num) VALUES ('QSC8709','MKZ','LINCOLN','black',2012,18700,'Truck','AVAILABLE',1);
INSERT INTO Vehicles (vlicense,make,model,color,year,odometer,vtname,status,branch_num) VALUES ('TGB8961','GENESIS','HYUNDAI','blue',2013,17620,'Truck','AVAILABLE',1);
INSERT INTO Vehicles (vlicense,make,model,color,year,odometer,vtname,status,branch_num) VALUES ('MKU0172','TLX','ACURA','red',2014,12345,'Truck','AVAILABLE',2);
INSERT INTO Vehicles (vlicense,make,model,color,year,odometer,vtname,status,branch_num) VALUES ('CFT1908','328I','BMW','blue',2015,10800,'Truck','AVAILABLE',1);
INSERT INTO Vehicles (vlicense,make,model,color,year,odometer,vtname,status,branch_num) VALUES ('WHM7619','AVALON','TOYOTA','red',2016,7800,'Truck','AVAILABLE',3);
INSERT INTO Vehicles (vlicense,make,model,color,year,odometer,vtname,status,branch_num) VALUES ('WLZ8955','ESCAPE','FORD','black',2012,19800,'Mid-Size','AVAILABLE',2);
INSERT INTO Vehicles (vlicense,make,model,color,year,odometer,vtname,status,branch_num) VALUES ('QIO7621','EQUINOX','CHEVROLET','white',2013,17560,'Mid-Size','AVAILABLE',2);
INSERT INTO Vehicles (vlicense,make,model,color,year,odometer,vtname,status,branch_num) VALUES ('YSN1927','PATHFINDER','NISSAN', 'white',2014,14390,'Mid-Size','AVAILABLE',1);
INSERT INTO Vehicles (vlicense,make,model,color,year,odometer,vtname,status,branch_num) VALUES ('EDM8610','GLA','MERCEDES', 'black',2015,12900,'Mid-Size','AVAILABLE',2);
INSERT INTO Vehicles (vlicense,make,model,color,year,odometer,vtname,status,branch_num) VALUES ('AHK7325','RAV4','TOYOTA', 'black',2016,3400,'Mid-Size','RENTED',2);
INSERT INTO Vehicles (vlicense,make,model,color,year,odometer,vtname,status,branch_num) VALUES ('OHZ0976','EDGE','FORD', 'white',12,27890,'Standard','RENTED',2);
INSERT INTO Vehicles (vlicense,make,model,color,year,odometer,vtname,status,branch_num) VALUES ('RKS9862','TAHOE','CHEVROLET', 'white',2013,20390,'Standard','RENTED',1);
INSERT INTO Vehicles (vlicense,make,model,color,year,odometer,vtname,status,branch_num) VALUES ('WIJ6190','EDGE','FORD','white',2014,18700,'Standard','RENTED',1);
INSERT INTO Vehicles (vlicense,make,model,color,year,odometer,vtname,status,branch_num) VALUES ('ZDT8612','TAHOE','CHEVROLET', 'white',2015,14300,'Standard','RENTED',1);
INSERT INTO Vehicles (vlicense,make,model,color,year,odometer,vtname,status,branch_num) VALUES ('LDJ7719','EDGE','FORD', 'black',2016,5690,'Standard','RENTED',1);
INSERT INTO Vehicles (vlicense,make,model,color,year,odometer,vtname,status,branch_num) VALUES ('UIA8709','EXPEDITION','FORD','white',2012,19870,'SUV','RENTED',1);
INSERT INTO Vehicles (vlicense,make,model,color,year,odometer,vtname,status,branch_num) VALUES ('WKJ7972','SEQUOIA','TOYOTA', 'black',2013,14500,'SUV','RENTED',1);
INSERT INTO Vehicles (vlicense,make,model,color,year,odometer,vtname,status,branch_num) VALUES ('JLS1097','SUBURBAN','CHEVROLET', 'white', 2014,13290,'SUV','RENTED',1);
INSERT INTO Vehicles (vlicense,make,model,color,year,odometer,vtname,status,branch_num) VALUES ('UHJ6782','EXPEDITION','FORD', 'black',2015,11750,'SUV','RENTED',1);
INSERT INTO Vehicles (vlicense,make,model,color,year,odometer,vtname,status,branch_num) VALUES ('XBM6822','SUBURBAN','CHEVROLET', 'red', 2016,3400,'SUV','RENTED',2);
INSERT INTO Vehicles (vlicense,make,model,color,year,odometer,vtname,status,branch_num) VALUES ('SHK7767','QUEST','NISSAN', 'red',2012,23478,'Full-size','MAINTENANCE',1);
INSERT INTO Vehicles (vlicense,make,model,color,year,odometer,vtname,status,branch_num) VALUES ('JSL7920','ODYSSEY','HONDA', 'red',2013,19320,'Full-size','MAINTENANCE',1);
INSERT INTO Vehicles (vlicense,make,model,color,year,odometer,vtname,status,branch_num) VALUES ('PAJ5289','GRAND CARAVAN','DODGE', 'red',2014,23478,'Full-size','MAINTENANCE',1);
INSERT INTO Vehicles (vlicense,make,model,color,year,odometer,vtname,status,branch_num) VALUES ('TSJ6290','QUEST','NISSAN', 'red' ,2015,13200,'Full-size','MAINTENANCE',1);
INSERT INTO Vehicles (vlicense,make,model,color,year,odometer,vtname,status,branch_num) VALUES ('MWO9296','ODYSSEY','HONDA', 'red',2016,2300,'Full-size','MAINTENANCE',1);


INSERT INTO RESERVATIONS(conf_num,branch_num,vtname,cust_license_no,from_date,to_date) VALUES(1,1,'Economy','108504', TO_DATE('16-Nov-2019', 'DD-MON-YYYY'), TO_DATE('23-Nov-2019', 'DD-MON-YYYY'));
INSERT INTO RESERVATIONS(conf_num,branch_num,vtname,cust_license_no,from_date,to_date) VALUES(2,1,'Compact','174841', TO_DATE('18-Nov-2019', 'DD-MON-YYYY'), TO_DATE('30-Nov-2019', 'DD-MON-YYYY'));
INSERT INTO RESERVATIONS(conf_num,branch_num,vtname,cust_license_no,from_date,to_date) VALUES(3,1,'Mid-Size','167591', TO_DATE('18-Nov-2019', 'DD-MON-YYYY'), TO_DATE('22-Nov-2019', 'DD-MON-YYYY'));
INSERT INTO RESERVATIONS(conf_num,branch_num,vtname,cust_license_no,from_date,to_date) VALUES(4,3,'Standard','191190', TO_DATE('18-Nov-2019', 'DD-MON-YYYY'), TO_DATE('24-Nov-2019', 'DD-MON-YYYY'));
INSERT INTO RESERVATIONS(conf_num,branch_num,vtname,cust_license_no,from_date,to_date) VALUES(5,3,'Full-size','109538', TO_DATE('18-Nov-2019', 'DD-MON-YYYY'), TO_DATE('19-Nov-2019', 'DD-MON-YYYY'));
INSERT INTO RESERVATIONS(conf_num,branch_num,vtname,cust_license_no,from_date,to_date) VALUES(6,3,'SUV','154656', TO_DATE('18-Nov-2019', 'DD-MON-YYYY'), TO_DATE('24-Nov-2019', 'DD-MON-YYYY'));
INSERT INTO RESERVATIONS(conf_num,branch_num,vtname,cust_license_no,from_date,to_date) VALUES(7,2,'Truck','153227', TO_DATE('19-Nov-2019', 'DD-MON-YYYY'), TO_DATE('23-Nov-2019', 'DD-MON-YYYY'));
INSERT INTO RESERVATIONS(conf_num,branch_num,vtname,cust_license_no,from_date,to_date) VALUES(8,2,'Economy','154656', TO_DATE('19-Nov-2019', 'DD-MON-YYYY'), TO_DATE('26-Nov-2019', 'DD-MON-YYYY'));
INSERT INTO RESERVATIONS(conf_num,branch_num,vtname,cust_license_no,from_date,to_date) VALUES(9,2,'Compact','109928', TO_DATE('19-Nov-2019', 'DD-MON-YYYY'), TO_DATE('27-Nov-2019', 'DD-MON-YYYY'));
INSERT INTO RESERVATIONS(conf_num,branch_num,vtname,cust_license_no,from_date,to_date) VALUES(10,1,'Mid-Size','156471', TO_DATE('20-Nov-2019', 'DD-MON-YYYY'), TO_DATE('27-Nov-2019', 'DD-MON-YYYY'));
INSERT INTO RESERVATIONS(conf_num,branch_num,vtname,cust_license_no,from_date,to_date) VALUES(11,1,'Standard','110879', TO_DATE('20-Nov-2019', 'DD-MON-YYYY'), TO_DATE('27-Nov-2019', 'DD-MON-YYYY'));
INSERT INTO RESERVATIONS(conf_num,branch_num,vtname,cust_license_no,from_date,to_date) VALUES(12,1,'Full-size','110879', TO_DATE('20-Nov-2019', 'DD-MON-YYYY'), TO_DATE('27-Nov-2019', 'DD-MON-YYYY'));
INSERT INTO RESERVATIONS(conf_num,branch_num,vtname,cust_license_no,from_date,to_date) VALUES(13,1,'Full-size','127374', TO_DATE('20-Nov-2019', 'DD-MON-YYYY'), TO_DATE('27-Nov-2019', 'DD-MON-YYYY'));
INSERT INTO RESERVATIONS(conf_num,branch_num,vtname,cust_license_no,from_date,to_date) VALUES(14,3,'SUV','196106', TO_DATE('25-Nov-2019', 'DD-MON-YYYY'), TO_DATE('30-Nov-2019', 'DD-MON-YYYY'));
INSERT INTO RESERVATIONS(conf_num,branch_num,vtname,cust_license_no,from_date,to_date) VALUES(15,3,'Economy','182226', TO_DATE('26-Nov-2019', 'DD-MON-YYYY'), TO_DATE('30-Nov-2019', 'DD-MON-YYYY'));
INSERT INTO RESERVATIONS(conf_num,branch_num,vtname,cust_license_no,from_date,to_date) VALUES(16,3,'Compact','153640', TO_DATE('26-Nov-2019', 'DD-MON-YYYY'), TO_DATE('01-Dec-2019', 'DD-MON-YYYY'));
INSERT INTO RESERVATIONS(conf_num,branch_num,vtname,cust_license_no,from_date,to_date) VALUES(17,2,'Mid-Size','168979', TO_DATE('26-Nov-2019', 'DD-MON-YYYY'), TO_DATE('02-Dec-2019', 'DD-MON-YYYY'));
INSERT INTO RESERVATIONS(conf_num,branch_num,vtname,cust_license_no,from_date,to_date) VALUES(18,2,'Standard','183787', TO_DATE('26-Nov-2019', 'DD-MON-YYYY'), TO_DATE('15-Dec-2019', 'DD-MON-YYYY'));
INSERT INTO RESERVATIONS(conf_num,branch_num,vtname,cust_license_no,from_date,to_date) VALUES(19,2,'Economy','192409', TO_DATE('26-Nov-2019', 'DD-MON-YYYY'), TO_DATE('24-Dec-2019', 'DD-MON-YYYY'));
INSERT INTO RESERVATIONS(conf_num,branch_num,vtname,cust_license_no,from_date,to_date) VALUES(20,1,'Compact','175132', TO_DATE('27-Nov-2019', 'DD-MON-YYYY'), TO_DATE('12-Dec-2019', 'DD-MON-YYYY'));
INSERT INTO RESERVATIONS(conf_num,branch_num,vtname,cust_license_no,from_date,to_date) VALUES(21,1,'Mid-Size','109750', TO_DATE('27-Nov-2019', 'DD-MON-YYYY'), TO_DATE('12-Dec-2019', 'DD-MON-YYYY'));
INSERT INTO RESERVATIONS(conf_num,branch_num,vtname,cust_license_no,from_date,to_date) VALUES(22,1,'Standard','133005', TO_DATE('27-Nov-2019', 'DD-MON-YYYY'), TO_DATE('29-Nov-2019', 'DD-MON-YYYY'));
INSERT INTO RESERVATIONS(conf_num,branch_num,vtname,cust_license_no,from_date,to_date) VALUES(23,1,'Standard','142224', TO_DATE('27-Nov-2019', 'DD-MON-YYYY'), TO_DATE('03-Dec-2019', 'DD-MON-YYYY'));
INSERT INTO RESERVATIONS(conf_num,branch_num,vtname,cust_license_no,from_date,to_date) VALUES(24,3,'Full-size','190331', TO_DATE('27-Nov-2019', 'DD-MON-YYYY'), TO_DATE('04-Dec-2019', 'DD-MON-YYYY'));
INSERT INTO RESERVATIONS(conf_num,branch_num,vtname,cust_license_no,from_date,to_date) VALUES(25,3,'SUV','161377', TO_DATE('27-Nov-2019', 'DD-MON-YYYY'), TO_DATE('07-Dec-2019', 'DD-MON-YYYY'));
INSERT INTO RESERVATIONS(conf_num,branch_num,vtname,cust_license_no,from_date,to_date) VALUES(26,3,'SUV','160745', TO_DATE('27-Nov-2019', 'DD-MON-YYYY'), TO_DATE('07-Dec-2019', 'DD-MON-YYYY'));
INSERT INTO RESERVATIONS(conf_num,branch_num,vtname,cust_license_no,from_date,to_date) VALUES(27,2,'Truck','122792', TO_DATE('27-Nov-2019', 'DD-MON-YYYY'), TO_DATE('29-Nov-2019', 'DD-MON-YYYY'));
INSERT INTO RESERVATIONS(conf_num,branch_num,vtname,cust_license_no,from_date,to_date) VALUES(28,2,'Truck','113117', TO_DATE('27-Nov-2019', 'DD-MON-YYYY'), TO_DATE('14-Dec-2019', 'DD-MON-YYYY'));
INSERT INTO RESERVATIONS(conf_num,branch_num,vtname,cust_license_no,from_date,to_date) VALUES(29,2,'Full-size','179584', TO_DATE('29-Nov-2019', 'DD-MON-YYYY'), TO_DATE('07-Dec-2019', 'DD-MON-YYYY'));
INSERT INTO RESERVATIONS(conf_num,branch_num,vtname,cust_license_no,from_date,to_date) VALUES(30,1,'Economy','191250', TO_DATE('29-Nov-2019', 'DD-MON-YYYY'), TO_DATE('30-Nov-2019', 'DD-MON-YYYY'));


INSERT INTO RENTALS(rent_id,conf_num,v_license,from_date,to_date) VALUES(1,1,'ABX1234', TO_DATE('16-Nov-2019', 'DD-MON-YYYY'), TO_DATE('23-Nov-2019', 'DD-MON-YYYY'));
INSERT INTO RENTALS(rent_id,conf_num,v_license,from_date,to_date) VALUES(2,2,'GLS7625',TO_DATE('18-Nov-2019', 'DD-MON-YYYY'), TO_DATE('30-Nov-2019', 'DD-MON-YYYY'));
INSERT INTO RENTALS(rent_id,conf_num,v_license,from_date,to_date) VALUES(3,3,'OTY7293',TO_DATE('18-Nov-2019', 'DD-MON-YYYY'), TO_DATE('22-Nov-2019', 'DD-MON-YYYY'));
INSERT INTO RENTALS(rent_id,conf_num,v_license,from_date,to_date) VALUES(4,4,'TRE9726',TO_DATE('18-Nov-2019', 'DD-MON-YYYY'), TO_DATE('24-Nov-2019', 'DD-MON-YYYY'));
INSERT INTO RENTALS(rent_id,conf_num,v_license,from_date,to_date) VALUES(5,5,'MNB8654',TO_DATE('18-Nov-2019', 'DD-MON-YYYY'), TO_DATE('19-Nov-2019', 'DD-MON-YYYY'));
INSERT INTO RENTALS(rent_id,conf_num,v_license,from_date,to_date) VALUES(6,6,'UIA8709',TO_DATE('18-Nov-2019', 'DD-MON-YYYY'), TO_DATE('24-Nov-2019', 'DD-MON-YYYY'));
INSERT INTO RENTALS(rent_id,conf_num,v_license,from_date,to_date) VALUES(7,7,'QSC8709',TO_DATE('19-Nov-2019', 'DD-MON-YYYY'), TO_DATE('23-Nov-2019', 'DD-MON-YYYY'));
INSERT INTO RENTALS(rent_id,conf_num,v_license,from_date,to_date) VALUES(8,8,'WER3245',TO_DATE('19-Nov-2019', 'DD-MON-YYYY'), TO_DATE('26-Nov-2019', 'DD-MON-YYYY'));
INSERT INTO RENTALS(rent_id,conf_num,v_license,from_date,to_date) VALUES(9,9,'FKD8202',TO_DATE('19-Nov-2019', 'DD-MON-YYYY'), TO_DATE('27-Nov-2019', 'DD-MON-YYYY'));
INSERT INTO RENTALS(rent_id,conf_num,v_license,from_date,to_date) VALUES(10,10,'QWE4562',TO_DATE('20-Nov-2019', 'DD-MON-YYYY'), TO_DATE('27-Nov-2019', 'DD-MON-YYYY'));
INSERT INTO RENTALS(rent_id,conf_num,v_license,from_date,to_date) VALUES(11,11,'TRE9726',TO_DATE('20-Nov-2019', 'DD-MON-YYYY'), TO_DATE('27-Nov-2019', 'DD-MON-YYYY'));
INSERT INTO RENTALS(rent_id,conf_num,v_license,from_date,to_date) VALUES(12,12,'MNB8654',TO_DATE('20-Nov-2019', 'DD-MON-YYYY'), TO_DATE('27-Nov-2019', 'DD-MON-YYYY'));
INSERT INTO RENTALS(rent_id,conf_num,v_license,from_date,to_date) VALUES(13,13,'UHV9786',TO_DATE('20-Nov-2019', 'DD-MON-YYYY'), TO_DATE('27-Nov-2019', 'DD-MON-YYYY'));
INSERT INTO RENTALS(rent_id,conf_num,v_license,from_date,to_date) VALUES(14,14,'WKJ7972',TO_DATE('25-Nov-2019', 'DD-MON-YYYY'), TO_DATE('30-Nov-2019', 'DD-MON-YYYY'));
INSERT INTO RENTALS(rent_id,conf_num,v_license,from_date,to_date) VALUES(15,15,'GLZ2376',TO_DATE('26-Nov-2019', 'DD-MON-YYYY'), TO_DATE('30-Nov-2019', 'DD-MON-YYYY'));
INSERT INTO RENTALS(rent_id,conf_num,v_license,from_date,to_date) VALUES(16,16,'HNX1890',TO_DATE('26-Nov-2019', 'DD-MON-YYYY'), TO_DATE('01-Dec-2019', 'DD-MON-YYYY'));
INSERT INTO RENTALS(rent_id,conf_num,v_license,from_date,to_date) VALUES(17,17,'ASD9090',TO_DATE('26-Nov-2019', 'DD-MON-YYYY'), TO_DATE('02-Dec-2019', 'DD-MON-YYYY'));
INSERT INTO RENTALS(rent_id,conf_num,v_license,from_date,to_date) VALUES(18,18,'HGF5628',TO_DATE('26-Nov-2019', 'DD-MON-YYYY'), TO_DATE('15-Dec-2019', 'DD-MON-YYYY'));
INSERT INTO RENTALS(rent_id,conf_num,v_license,from_date,to_date) VALUES(19,19,'HJK1234',TO_DATE('26-Nov-2019', 'DD-MON-YYYY'), TO_DATE('24-Dec-2019', 'DD-MON-YYYY'));
INSERT INTO RENTALS(rent_id,conf_num,v_license,from_date,to_date) VALUES(20,20,'KJS1983',TO_DATE('27-Nov-2019', 'DD-MON-YYYY'), TO_DATE('12-Dec-2019', 'DD-MON-YYYY'));
INSERT INTO RENTALS(rent_id,conf_num,v_license,from_date,to_date) VALUES(21,21,'UYT3981',TO_DATE('27-Nov-2019', 'DD-MON-YYYY'), TO_DATE('12-Dec-2019', 'DD-MON-YYYY'));
INSERT INTO RENTALS(rent_id,conf_num,v_license,from_date,to_date) VALUES(22,22,'LKJ7253',TO_DATE('27-Nov-2019', 'DD-MON-YYYY'), TO_DATE('29-Nov-2019', 'DD-MON-YYYY'));
INSERT INTO RENTALS(rent_id,conf_num,v_license,from_date,to_date) VALUES(23,23,'LKJ7253',TO_DATE('27-Nov-2019', 'DD-MON-YYYY'), TO_DATE('03-Dec-2019', 'DD-MON-YYYY'));
INSERT INTO RENTALS(rent_id,conf_num,v_license,from_date,to_date) VALUES(24,24,'PLM9873',TO_DATE('27-Nov-2019', 'DD-MON-YYYY'), TO_DATE('04-Dec-2019', 'DD-MON-YYYY'));
INSERT INTO RENTALS(rent_id,conf_num,v_license,from_date,to_date) VALUES(25,25,'WKJ7972',TO_DATE('27-Nov-2019', 'DD-MON-YYYY'), TO_DATE('07-Dec-2019', 'DD-MON-YYYY'));
INSERT INTO RENTALS(rent_id,conf_num,v_license,from_date,to_date) VALUES(26,26,'JLS1097',TO_DATE('27-Nov-2019', 'DD-MON-YYYY'), TO_DATE('07-Dec-2019', 'DD-MON-YYYY'));


INSERT INTO RETURNS(rent_id,return_date,odometer,full_tank,value) VALUES (1,TO_DATE('23-Nov-2019', 'DD-MON-YYYY'), 10000,1,271.45);
INSERT INTO RETURNS(rent_id,return_date,odometer,full_tank,value) VALUES (2,TO_DATE('28-Nov-2019', 'DD-MON-YYYY'),15000,1,373.48);
INSERT INTO RETURNS(rent_id,return_date,odometer,full_tank,value) VALUES (3,TO_DATE('22-Nov-2019', 'DD-MON-YYYY'),100000,1,171.72);
INSERT INTO RETURNS(rent_id,return_date,odometer,full_tank,value) VALUES (4,TO_DATE('24-Nov-2019', 'DD-MON-YYYY'),45000,1,71.89);
INSERT INTO RETURNS(rent_id,return_date,odometer,full_tank,value) VALUES (5,TO_DATE('24-Nov-2019', 'DD-MON-YYYY'),80000,0,121.86);
INSERT INTO RETURNS(rent_id,return_date,odometer,full_tank,value) VALUES (6,TO_DATE('24-Nov-2019', 'DD-MON-YYYY'),30000,1,321.47);
INSERT INTO RETURNS(rent_id,return_date,odometer,full_tank,value) VALUES (7,TO_DATE('23-Nov-2019', 'DD-MON-YYYY'),123000,1,231.49);
INSERT INTO RETURNS(rent_id,return_date,odometer,full_tank,value) VALUES (8,TO_DATE('26-Nov-2019', 'DD-MON-YYYY'),46000,0,322.34);
INSERT INTO RETURNS(rent_id,return_date,odometer,full_tank,value) VALUES (9,TO_DATE('27-Nov-2019', 'DD-MON-YYYY'),25430,1,123.03);
INSERT INTO RETURNS(rent_id,return_date,odometer,full_tank,value) VALUES (10,TO_DATE('27-Nov-2019', 'DD-MON-YYYY'),12340,1,123.34);
INSERT INTO RETURNS(rent_id,return_date,odometer,full_tank,value) VALUES (11,TO_DATE('27-Nov-2019', 'DD-MON-YYYY'),12456,0,222.01);
INSERT INTO RETURNS(rent_id,return_date,odometer,full_tank,value) VALUES (12,TO_DATE('27-Nov-2019', 'DD-MON-YYYY'),76423,1,233.89);
INSERT INTO RETURNS(rent_id,return_date,odometer,full_tank,value) VALUES (13,TO_DATE('27-Nov-2019', 'DD-MON-YYYY'),34532,1,53.46);
INSERT INTO RETURNS(rent_id,return_date,odometer,full_tank,value) VALUES (14,TO_DATE('30-Nov-2019', 'DD-MON-YYYY'),43513,1,32.67);
INSERT INTO RETURNS(rent_id,return_date,odometer,full_tank,value) VALUES (15,TO_DATE('30-Nov-2019', 'DD-MON-YYYY'),13453,0,123.76);
INSERT INTO RETURNS(rent_id,return_date,odometer,full_tank,value) VALUES (16,TO_DATE('01-Dec-2019', 'DD-MON-YYYY'),23453,1,45.78);
INSERT INTO RETURNS(rent_id,return_date,odometer,full_tank,value) VALUES (17,TO_DATE('02-Dec-2019', 'DD-MON-YYYY'),23452,1,234.45);
INSERT INTO RETURNS(rent_id,return_date,odometer,full_tank,value) VALUES (18,TO_DATE('15-Dec-2019', 'DD-MON-YYYY'),324523,1,532.32);

commit work;
